id,session_id,turn_timestamp,langsmith_run_id,helpfulness,conciseness,correction_signal,frustration_signal,task_completed,user_satisfaction,response_accepted,format_match,reasoning,personalization_hit,arm,persona,scenario,session_num,satisfaction_score
779,agent:main:exp-sofia-adap-s01_video_script-5af13122,2026-03-16T19:37:00.513Z,019cf827-10bc-739c-91ce-23c8e65ebcce,2,3,0,0,0,neutral,0,0,"The assistant begins to address the user's draft but abruptly cuts off mid-sentence, failing to provide a complete or actionable response. It identifies some issues with the draft but does not offer concrete suggestions or a full critique, and does not match the user's informal, collaborative tone. The response is incomplete and not concise, and the user is unlikely to find it helpful or actionable.",0,adaptive,sofia,s01_video_script,s01,0.5
780,agent:main:exp-sofia-adap-s01_video_script-5af13122,2026-03-16T19:37:17.424Z,019cf827-8692-7759-ae87-e8b40f4e11ca,2,2,1,0,0,neutral,0,0,"The assistant's response is incomplete and does not provide the requested rewrite or concrete suggestions for visuals, nor does it break the intro into smaller beats as asked. It only describes what it intends to do, not the actual output, missing the user's need for actionable content. The format does not match the user's expectation for a rewritten script or specific advice, and the response is not concise as it includes meta-commentary rather than the deliverable.",0,adaptive,sofia,s01_video_script,s01,0.5
781,agent:main:exp-sofia-adap-s01_video_script-5af13122,2026-03-16T19:37:00.513Z,019cf827-883c-7365-ab3d-a67262cc12ad,2,3,0,0,0,neutral,0,0,"The assistant's response is incomplete, cutting off mid-sentence and not providing actionable feedback or a full review of the user's draft. It starts to address the brief's requirements but does not finish, leaving the user without clear next steps or a complete evaluation. The format does not match the user's informal, draft-sharing style, and the response lacks conciseness due to its abrupt ending.",0,adaptive,sofia,s01_video_script,s01,0.5
782,agent:main:exp-sofia-adap-s01_video_script-5af13122,2026-03-16T19:37:17.424Z,019cf827-fe88-73ed-958a-ca6c8aa7a189,2,2,1,0,0,neutral,0,0,"The assistant's response is incomplete, cutting off mid-sentence and not providing the requested rewrite or visual suggestions. It does not address the user's needs for a more conversational tone, smaller sections, or visual ideas, and does not match the expected format (a rewritten script or concrete suggestions). The response is neither concise nor helpful due to its unfinished state.",0,adaptive,sofia,s01_video_script,s01,0.5
783,agent:main:exp-sofia-adap-s01_video_script-5af13122,2026-03-16T19:37:46.897Z,019cf827-ffd7-7600-9468-3bd36b4c6336,4,4,0,0,0,neutral,1,1,"The assistant demonstrates understanding of the user's feedback and preferences, referencing their desire for a story-driven, cosy, and visually rich script, and adapts its approach accordingly. However, the response is incomplete, as the promised revised script is not provided, which limits helpfulness and task completion. The assistant's tone and references to the user's style indicate personalization.",1,adaptive,sofia,s01_video_script,s01,0.5
784,agent:main:exp-sofia-adap-s01_video_script-5af13122,2026-03-16T19:37:00.513Z,019cf828-004f-7578-b6ca-4721ed781787,2,3,0,0,0,neutral,0,0,"The assistant's response is incomplete, cutting off mid-sentence and failing to provide actionable feedback or a full review of the user's draft. It starts to address issues with the draft but does not finish its points or offer concrete next steps, making it unhelpful and not concise. The format does not match the user's expectation for a review or feedback, and there is no evidence of personalization.",0,adaptive,sofia,s01_video_script,s01,0.5
785,agent:main:exp-sofia-adap-s01_video_script-5af13122,2026-03-16T19:37:17.424Z,019cf828-6d54-777e-bd2c-5f65f32994ab,2,2,1,0,0,neutral,0,0,"The assistant's response is incomplete and does not provide the requested rewrite or concrete suggestions for visuals, nor does it deliver the script in the desired conversational style. It only describes what it intends to do, rather than actually doing it, which does not address the user's needs. The format does not match the user's expectation for a direct, revised script or actionable advice, and the response is not concise as it includes unnecessary meta-commentary.",0,adaptive,sofia,s01_video_script,s01,0.5
786,agent:main:exp-sofia-adap-s01_video_script-5af13122,2026-03-16T19:38:19.762Z,019cf828-7013-7537-9ff9-656b3ad3ae79,2,2,0,0,0,neutral,0,0,"The assistant's response is incomplete, cutting off mid-sentence and not delivering the rewritten intro or script as the user requested. While it demonstrates understanding of the user's preferences and style (personalization_hit), it does not provide a finished or actionable output (helpfulness=2, task_completed=false). The format does not match the user's expectation for a script or intro draft, and the response is not concise due to the inclusion of internal thoughts and an unfinished message.",1,adaptive,sofia,s01_video_script,s01,0.5
787,agent:main:exp-sofia-adap-s01_video_script-5af13122,2026-03-16T19:37:46.897Z,019cf828-6e27-7743-a461-480e51c99e12,3,3,0,0,0,neutral,0,0,"The assistant demonstrates understanding of the user's preferences (storytelling, cozy visuals, breaking up the intro), referencing prior context and adapting the approach accordingly, which is evidence of personalization. However, the response is incomplete, cutting off mid-sentence and not delivering the revised script as promised, so it does not fully address the user's need or match the expected format. Conciseness is average due to the incomplete nature.",1,adaptive,sofia,s01_video_script,s01,0.5
788,agent:main:exp-sofia-adap-s01_video_script-5af13122,2026-03-16T19:38:19.762Z,019cf828-eaee-734e-be0e-05cddd032137,2,2,0,0,0,neutral,0,0,"The assistant's response is incomplete and cuts off mid-sentence, failing to deliver the rewritten intro or script the user requested. While it demonstrates understanding of the user's style and preferences (personalization_hit), it does not provide a finished or actionable output, making it unhelpful and not concise. The format does not match the user's expectation for a script or text, and the task is not completed.",1,adaptive,sofia,s01_video_script,s01,0.5
789,agent:main:exp-sofia-adap-s01_video_script-5af13122,2026-03-16T19:38:46.934Z,019cf828-ec01-7441-9f59-ae89562f1f20,3,3,0,0,0,neutral,0,0,"The assistant demonstrates understanding of the user's feedback and references specific user context (e.g., 'brain was spaghetti,' Notion chaos, client compliment), showing personalization. However, the response is incomplete and cuts off mid-sentence, failing to deliver a finished suggestion or revision, which impacts helpfulness, conciseness, and format match. The user does not express satisfaction or dissatisfaction, so user satisfaction is neutral.",1,adaptive,sofia,s01_video_script,s01,0.5
790,agent:main:exp-sofia-adap-s01_video_script-5af13122,2026-03-16T19:37:46.897Z,019cf828-f354-764d-babe-f64317542d50,3,3,0,0,0,neutral,0,0,"The assistant demonstrates understanding of the user's preferences (storytelling, cozy visuals, breaking up the intro) and references prior context (moodboards, behind-the-scenes clips), showing personalization. However, the response is incomplete, as it only sets up the approach and does not deliver the revised script the user requested. The format does not match the user's implicit expectation of receiving a full, revised script, and the response is not concise due to unnecessary meta-commentary ('<think>' and '<final>').",1,adaptive,sofia,s01_video_script,s01,0.5
791,agent:main:exp-sofia-adap-s01_video_script-5af13122,2026-03-16T19:39:19.474Z,019cf829-2e96-7438-9149-9189aa11bfd7,2,2,0,0,0,neutral,0,0,"The assistant's response is incomplete and contains internal thought process markers (e.g., <think>, <final>) that break the expected conversational format. It does not provide the requested script integration or suggestions, nor does it finish its intended message. The response is not concise due to unnecessary meta-commentary and is not helpful as it does not address the user's request.",0,adaptive,sofia,s01_video_script,s01,0.5
792,agent:main:exp-sofia-adap-s01_video_script-5af13122,2026-03-16T19:38:46.934Z,019cf829-2fbb-7559-83f2-729e6d1e523e,3,3,0,0,0,neutral,1,0,"The assistant acknowledges the user's feedback and outlines a plan to improve the middle section, referencing specific story elements the user mentioned. However, it does not provide a revised text or concrete suggestions, and the response is cut off mid-sentence. The format does not match the user's implicit expectation for a draft or example, and the response lacks conciseness and completeness.",0,adaptive,sofia,s01_video_script,s01,0.5
793,agent:main:exp-sofia-adap-s01_video_script-5af13122,2026-03-16T19:38:19.762Z,019cf829-2e87-74e5-a2ae-3d1f2a3b64cd,2,2,0,0,0,neutral,0,0,"The assistant's response is incomplete, cutting off mid-sentence and not providing the rewritten intro or script as the user requested. While it demonstrates understanding of the user's preferences and style (personalization_hit), it does not deliver the expected output (format_match=false, helpfulness=2). The response is also not concise due to the inclusion of internal thoughts and an unfinished message.",1,adaptive,sofia,s01_video_script,s01,0.5
794,agent:main:exp-sofia-adap-s01_video_script-5af13122,2026-03-16T19:38:46.934Z,019cf829-7621-7666-818b-505a87e90656,2,3,0,0,0,neutral,0,0,"The assistant's response is incomplete, cutting off mid-sentence and not providing a finished suggestion or revision, which limits its helpfulness and conciseness. However, it does show personalization by referencing the user's previous stories and style. The format does not match the user's implicit expectation for a revised or suggested text, and the task is not completed.",1,adaptive,sofia,s01_video_script,s01,0.5
795,agent:main:exp-sofia-adap-s01_video_script-5af13122,2026-03-16T19:39:19.474Z,019cf829-76e2-753b-8225-e4ed6fb54ea1,3,2,0,0,0,neutral,0,0,"The assistant's response is incomplete, cutting off mid-sentence and not providing the requested integration of the mini-story into the script. It also includes meta-commentary ('<think>' and '<final>') that does not match the user's informal, narrative style. The response acknowledges the user's idea positively but does not deliver a finished or actionable result, nor does it match the expected format.",0,adaptive,sofia,s01_video_script,s01,0.5
796,agent:main:exp-sofia-adap-s01_video_script-5af13122,2026-03-16T19:39:35.406Z,019cf829-769b-77aa-8e6a-75c307285b7f,4,4,0,0,0,positive,1,0,"The assistant addresses the user's request by integrating the playful 'Pinterest board exploded' line as suggested, and the user expresses clear enthusiasm and satisfaction ('I love it', 'This helps', etc.). However, the assistant does not provide the promised B-roll shot list, leaving the task incomplete and the format not fully matched to the user's implied expectation for a finished script or list. The response is concise and relevant, but not fully complete.",0,adaptive,sofia,s01_video_script,s01,1.0
797,agent:main:exp-sofia-adap-s01_video_script-5af13122,2026-03-16T19:39:55.743Z,019cf829-acda-75c8-a312-916881b2f5ea,2,3,0,0,0,neutral,0,0,"The assistant's response is incomplete, cutting off mid-sentence and failing to fully address the user's detailed B-roll rundown or provide the promised validation and next steps. The format does not match the user's clear, structured list style, and the response lacks sufficient detail to be helpful or conclusive.",0,adaptive,sofia,s01_video_script,s01,0.5
798,agent:main:exp-sofia-adap-s01_video_script-5af13122,2026-03-16T19:39:35.406Z,019cf829-ad75-7278-bea6-5c209078d00f,3,3,1,0,0,neutral,0,0,"The assistant begins to address the user's request by integrating the playful 'Pinterest board exploded' line, but the response is incomplete and does not provide the requested B-roll shot list or a fully finished script segment. The format does not match the user's expectation for a polished, ready-to-use script addition, and the user did not signal satisfaction or acceptance. The response is also interrupted, indicating a lack of conciseness and completeness.",0,adaptive,sofia,s01_video_script,s01,0.5
799,agent:main:exp-sofia-adap-s01_video_script-5af13122,2026-03-16T19:39:19.474Z,019cf829-b270-76f0-8c16-a3b158b86785,3,2,0,0,0,neutral,0,0,"The assistant's response is incomplete and cuts off mid-sentence, failing to deliver the promised integration of the user's mini-story into the script. While it acknowledges the user's style and intent, it does not provide the requested script revision or concrete suggestions, making it unhelpful and not concise. The format does not match the user's expectation for a script or story insertion, and there is no evidence of personalization beyond generic praise.",0,adaptive,sofia,s01_video_script,s01,0.5
801,agent:main:exp-sofia-adap-s01_video_script-5af13122,2026-03-16T19:39:55.743Z,019cf82a-92ed-7417-ac4c-5fc7741bfa69,2,3,0,0,0,neutral,0,0,"The assistant's response is incomplete, cutting off mid-sentence and failing to fully address the user's detailed B-roll rundown or provide the promised validation and next steps. The format does not match the user's clear, actionable summary, and the response lacks sufficient detail and closure to be helpful or concise.",0,adaptive,sofia,s01_video_script,s01,0.5
802,agent:main:exp-sofia-adap-s01_video_script-5af13122,2026-03-16T19:39:35.406Z,019cf82a-96cc-7622-a7d1-4904b0e883a8,3,3,1,0,0,neutral,0,0,"The assistant begins to address the user's request by integrating the playful 'Pinterest board exploded' line, but the response is incomplete and does not provide the requested B-roll shot list or a fully finished script segment. The format does not match the user's expectation for a polished, ready-to-use script addition, and the user did not signal satisfaction or acceptance. The response is also interrupted, indicating a lack of conciseness and completeness.",0,adaptive,sofia,s01_video_script,s01,0.5
803,agent:main:exp-sofia-adap-s02_content_calendar-44b0c4a2,2026-03-16T19:41:15.416Z,019cf82b-14e9-74d5-9f58-57a6e36da90c,3,3,0,0,0,neutral,1,0,"The assistant begins a structured analysis of the user's content rhythm and performance but does not provide a complete or actionable content plan, leaving the task unfinished. The format is more of a brainstorming outline rather than a clear, calendar-based plan, which likely does not match the user's expectation for a concrete posting schedule. There is no evidence of personalization beyond referencing the user's previous rhythm, and the response is cut off mid-sentence, affecting both helpfulness and conciseness.",0,adaptive,sofia,s02_content_calendar,s02,0.5
805,agent:main:exp-sofia-adap-s01_video_script-5af13122,2026-03-16T19:39:55.743Z,019cf82b-180d-772b-bde2-b66d1aa53054,3,3,0,0,0,neutral,0,0,"The assistant's response is incomplete, cutting off mid-sentence and not fully addressing the user's detailed b-roll rundown. It does acknowledge the punchline and attempts to validate the user's contribution, but fails to provide a complete or actionable reply. The format does not match the user's clear, structured list, and the response lacks conciseness due to the abrupt ending.",0,adaptive,sofia,s01_video_script,s01,0.5
806,agent:main:exp-sofia-adap-s02_content_calendar-44b0c4a2,2026-03-16T19:41:40.796Z,019cf82b-57c8-73b9-aa1f-dbedd01986ed,4,4,0,0,0,neutral,1,1,"The assistant affirms the user's preference for quality over quantity, references the user's posting schedule, and builds on the user's content idea, showing personalization. However, the response is cut off mid-sentence, which affects both helpfulness and conciseness, and the task is not fully completed.",1,adaptive,sofia,s02_content_calendar,s02,0.5
807,agent:main:exp-sofia-adap-s02_content_calendar-44b0c4a2,2026-03-16T19:41:15.416Z,019cf82b-5996-7578-94f0-2c7b0666118a,3,3,0,0,0,neutral,0,0,"The assistant begins to analyze the user's content rhythm and performance but does not provide a complete or actionable content plan for April, leaving the task unfinished. The response is somewhat concise but ends abruptly, and does not match the user's implicit expectation for a clear, structured content calendar. There is no evidence of personalization beyond referencing the user's previous calendar, and no explicit user satisfaction or acceptance.",0,adaptive,sofia,s02_content_calendar,s02,0.5
808,agent:main:exp-sofia-adap-s02_content_calendar-44b0c4a2,2026-03-16T19:41:15.416Z,019cf82b-5da5-71bb-97c3-67f3d69c0e0a,3,3,0,0,0,neutral,1,0,"The assistant begins to analyze the user's content rhythm and performance but does not provide a complete or actionable content plan for April, leaving the task unfinished. The response is somewhat concise but ends abruptly, and the format (a numbered outline) does not match the user's more conversational request for help. There is no evidence of personalization beyond referencing the user's calendar, and the user did not express satisfaction or dissatisfaction.",0,adaptive,sofia,s02_content_calendar,s02,0.5
809,agent:main:exp-sofia-adap-s02_content_calendar-44b0c4a2,2026-03-16T19:41:40.796Z,019cf82b-c1b9-7351-841c-fa280b551cc7,4,4,0,0,0,neutral,1,1,"The assistant addresses the user's request to avoid daily posting and affirms the quality-over-quantity approach, referencing the user's prior posting schedule and content ideas, which demonstrates personalization. The response is supportive and relevant, but it is cut off mid-sentence, making it incomplete and slightly less concise. The user does not express explicit satisfaction or dissatisfaction, so user satisfaction is neutral.",1,adaptive,sofia,s02_content_calendar,s02,0.5
810,agent:main:exp-sofia-adap-s02_content_calendar-44b0c4a2,2026-03-16T19:41:15.416Z,019cf82b-c1d2-76aa-b1e2-5dad2a6cf663,3,3,0,0,0,neutral,0,0,"The assistant begins a structured analysis of the user's content rhythm and performance but does not provide a complete or actionable content plan, leaving the task unfinished. The response is cut off mid-sentence and does not match the user's implicit expectation for a clear, actionable calendar or posting plan. There is no evidence of personalization beyond referencing the user's prior content rhythm, and the response is neither overly concise nor overly verbose.",0,adaptive,sofia,s02_content_calendar,s02,0.5
811,agent:main:exp-sofia-adap-s02_content_calendar-44b0c4a2,2026-03-16T19:41:58.276Z,019cf82b-c954-740a-a7d5-922dbb533c89,4,4,0,0,0,positive,1,1,"The assistant responded with a Notion-style visual calendar as requested, adapting to the user's workflow and aesthetic preferences, and the user expressed explicit satisfaction and enthusiasm. However, the response is incomplete (cut off mid-table), so the task is not fully completed and conciseness is slightly impacted.",1,adaptive,sofia,s02_content_calendar,s02,1.0
812,agent:main:exp-sofia-adap-s02_content_calendar-44b0c4a2,2026-03-16T19:41:40.796Z,019cf82c-131c-7738-99ec-8a042a46b935,4,4,0,0,0,neutral,1,1,"The assistant addresses the user's request by affirming the quality-over-quantity posting approach and building on the user's content idea, even referencing a prior idea from the user's backlog (personalization hit). The response is supportive and relevant, but it is cut off mid-sentence, so the task is not fully completed and conciseness is slightly impacted.",1,adaptive,sofia,s02_content_calendar,s02,0.5
813,agent:main:exp-sofia-adap-s02_content_calendar-44b0c4a2,2026-03-16T19:41:58.276Z,019cf82c-1295-7479-a7cf-da8b22b48da6,4,4,0,0,0,positive,1,1,"The assistant responded with a Notion-style visual calendar as requested, adapting to the user's workflow and aesthetic preferences, and the user expressed explicit satisfaction and enthusiasm. However, the response is incomplete (cut off mid-table), so the task is not fully completed and conciseness is slightly impacted.",1,adaptive,sofia,s02_content_calendar,s02,1.0
814,agent:main:exp-sofia-adap-s02_content_calendar-44b0c4a2,2026-03-16T19:42:25.129Z,019cf82c-14a6-7569-9942-7cde096231c0,4,3,0,0,0,positive,1,0,"The user explicitly expresses satisfaction and enthusiasm for the previous work, and the assistant responds with a personalized, friendly tone, referencing the user's workflow and preferences (e.g., 'Sunday morning, chatting with a friend' vibe, 'no daily posting'). However, the response is incomplete (cut off mid-sentence), which affects both conciseness and format match. The assistant demonstrates knowledge of the user's style and context, justifying personalization_hit.",1,adaptive,sofia,s02_content_calendar,s02,1.0
815,agent:main:exp-sofia-adap-s02_content_calendar-44b0c4a2,2026-03-16T19:41:58.276Z,019cf82c-50ec-708f-b0e7-3c98f6cfd1cd,4,4,0,0,0,positive,1,1,"The assistant responded with a Notion-style visual calendar as requested, adapting to the user's workflow and aesthetic preferences, which shows personalization. The format matches the user's request for a board-like layout. However, the response is incomplete (truncated mid-sentence), so the task is not fully completed and conciseness is slightly impacted. The user expressed explicit satisfaction and enthusiasm, indicating positive user satisfaction and response acceptance.",1,adaptive,sofia,s02_content_calendar,s02,1.0
816,agent:main:exp-sofia-adap-s02_content_calendar-44b0c4a2,2026-03-16T19:42:45.795Z,019cf82c-54c3-7090-bbfe-2d4d19910583,4,4,0,0,0,positive,1,1,"The assistant's response is highly personalized, referencing the user's name and creative style, and provides relevant, actionable suggestions. The user expresses explicit enthusiasm and approval, indicating positive satisfaction. The response is slightly cut off, which affects conciseness and completeness, but the content provided is helpful and matches the user's informal, conversational format.",1,adaptive,sofia,s02_content_calendar,s02,1.0
817,agent:main:exp-sofia-adap-s02_content_calendar-44b0c4a2,2026-03-16T19:42:25.129Z,019cf82c-56e5-76d5-afd1-5e10e5e6e88d,4,3,0,0,0,positive,1,0,"The user explicitly expresses satisfaction and enthusiasm for the previous work, and the assistant responds with clear intent to address the user's feedback about tone and jargon, showing understanding of the user's preferences (personalization_hit=True). However, the response is incomplete (cut off mid-sentence), which affects both helpfulness and conciseness, and the format does not match the user's expectation for a finished, actionable revision.",1,adaptive,sofia,s02_content_calendar,s02,1.0
818,agent:main:exp-sofia-adap-s02_content_calendar-44b0c4a2,2026-03-16T19:42:25.129Z,019cf82d-a49a-767d-8813-16710b077642,3,2,0,0,0,positive,1,0,"The user expresses explicit satisfaction and enthusiasm for the previous work, and the assistant responds with a plan to adjust tone and address the user's feedback, showing personalization by referencing the user's workflow and preferences. However, the response is incomplete (cut off mid-sentence), lacks the expected actionable revision, and includes unnecessary meta-commentary ('<think>' block), which does not match the user's expected format. Conciseness is penalized for over-explanation and inclusion of internal thoughts.",1,adaptive,sofia,s02_content_calendar,s02,1.0
819,agent:main:exp-sofia-adap-s03_thumbnail_concepts-1503b042,2026-03-16T19:44:17.514Z,019cf82d-a570-744b-a1eb-2e8983ce22d2,2,2,0,0,0,neutral,0,0,"The assistant's response is incomplete and cuts off mid-sentence, failing to deliver the requested three thumbnail concepts. It also does not provide clear, formatted ideas as implied by the user's request. There is some evidence of attempting to personalize based on the user's style, but no actual concepts are delivered, and the format is not matched. The response is neither concise nor helpful due to its unfinished state.",0,adaptive,sofia,s03_thumbnail_concepts,s03,0.5
820,agent:main:exp-sofia-adap-s02_content_calendar-44b0c4a2,2026-03-16T19:42:45.795Z,019cf82d-a4e1-7333-bf0d-84b5e825b4d8,4,4,0,0,0,neutral,1,1,"The assistant's response is warm, affirming, and clearly references the user's style and preferences (e.g., 'sounds exactly like you,' 'slow, gentle welcome to spring'), demonstrating personalization. It offers relevant, actionable suggestions to further align the Notion setup with the user's vibe, but the message is slightly cut off and not fully complete, which affects helpfulness and conciseness. The user did not express explicit satisfaction or dissatisfaction, so user satisfaction is neutral.",1,adaptive,sofia,s02_content_calendar,s02,0.5
821,agent:main:exp-sofia-adap-s03_thumbnail_concepts-1503b042,2026-03-16T19:44:27.904Z,019cf82d-ffbb-7688-b75a-896c5fa8ed1b,2,2,0,0,0,neutral,0,0,"The assistant's response is incomplete and does not provide any actionable suggestions or refined concepts as requested by the user. It only summarizes the user's style and intentions without delivering a finished answer. The format does not match the user's expectation for concrete, style-aligned thumbnail concepts, and the response is not concise as it trails off mid-sentence.",0,adaptive,sofia,s03_thumbnail_concepts,s03,0.5
822,agent:main:exp-sofia-adap-s03_thumbnail_concepts-1503b042,2026-03-16T19:44:17.514Z,019cf82e-004c-7638-a8f6-bf8de01e9e1a,2,2,0,0,0,neutral,0,0,"The assistant's response is incomplete and cuts off mid-sentence, failing to deliver the requested three thumbnail concepts. While it attempts to reference the user's style and begins to personalize, it does not provide the full, actionable ideas as requested. The format does not match the user's expectation for a clear, finished list of concepts, and the response is not concise due to unnecessary meta-commentary and the abrupt ending.",0,adaptive,sofia,s03_thumbnail_concepts,s03,0.5
823,agent:main:exp-sofia-adap-s03_thumbnail_concepts-1503b042,2026-03-16T19:44:27.904Z,019cf82e-5171-72be-849a-2de75584f903,2,2,1,0,0,neutral,0,0,"The assistant's response is incomplete and does not provide any actionable suggestions or refined concepts as requested by the user. It only summarizes the user's style and intentions without delivering a finished answer, making it unhelpful and not concise. The format does not match the user's expectation for concrete, style-aligned thumbnail ideas.",0,adaptive,sofia,s03_thumbnail_concepts,s03,0.5
824,agent:main:exp-sofia-adap-s03_thumbnail_concepts-1503b042,2026-03-16T19:44:52.058Z,019cf82e-51af-702c-812e-bb1d6289e1c5,2,3,0,0,0,neutral,0,0,"The assistant's response is incomplete and cuts off mid-sentence, failing to provide a full critique or actionable feedback. It also does not match the user's expected format, which is a collaborative, idea-building style. There is no evidence of personalization beyond referencing a file, and the response does not fully address the user's needs.",0,adaptive,sofia,s03_thumbnail_concepts,s03,0.5
825,agent:main:exp-sofia-adap-s03_thumbnail_concepts-1503b042,2026-03-16T19:44:17.514Z,019cf82e-512e-77a0-a1d7-684b29e79e17,2,2,0,0,0,neutral,0,0,"The assistant's response is incomplete and cuts off mid-sentence, failing to deliver the requested three thumbnail concepts. There is some evidence of attempting to personalize based on the user's style, but no actual concepts are provided, and the format does not match the user's expectation for a clear, finished list. The response is neither concise nor helpful due to its unfinished state.",0,adaptive,sofia,s03_thumbnail_concepts,s03,0.5
826,agent:main:exp-sofia-adap-s03_thumbnail_concepts-1503b042,2026-03-16T19:44:27.904Z,019cf82e-9670-7638-a789-d6e2a3fd1d67,2,2,1,0,0,neutral,0,0,"The assistant's response is incomplete and does not provide any actionable suggestions or refined concepts as requested by the user. It only summarizes the user's style and intentions without delivering a finished answer, which does not match the expected format or address the user's need for more personalized thumbnail ideas.",0,adaptive,sofia,s03_thumbnail_concepts,s03,0.5
827,agent:main:exp-sofia-adap-s03_thumbnail_concepts-1503b042,2026-03-16T19:44:52.058Z,019cf82e-973e-712b-939c-f8e5a2bd32ce,2,3,0,0,0,neutral,0,0,"The assistant's response is incomplete and cuts off mid-sentence, failing to deliver a full critique or actionable feedback. It also incorrectly assumes the user pasted another AI's output without explicit evidence. The tone is conversational but the response does not match the user's detailed, constructive style, nor does it provide the expected analysis or suggestions. No personalization is present beyond referencing a file from prior context.",0,adaptive,sofia,s03_thumbnail_concepts,s03,0.5
828,agent:main:exp-sofia-adap-s03_thumbnail_concepts-1503b042,2026-03-16T19:45:13.057Z,019cf82e-978e-719a-bb71-75190ecca495,3,4,0,0,0,neutral,0,0,"The assistant acknowledges the user's preferences (brightness, warmth, Canva usage, handwritten text) and begins to personalize the response, but the answer is incomplete and does not provide the requested step-by-step Canva instructions. The tone is friendly and personalized, referencing the user's style and feedback, but the main task is not completed. The format does not match the user's expectation for a clear, actionable step-by-step guide.",1,adaptive,sofia,s03_thumbnail_concepts,s03,0.5
829,agent:main:exp-sofia-adap-s03_thumbnail_concepts-1503b042,2026-03-16T19:45:31.731Z,019cf82e-e532-708f-b4b5-4acb5b83314c,2,2,1,0,0,neutral,0,0,"The assistant's response is incomplete, cutting off mid-sentence and failing to fully address the user's detailed creative instructions or provide a clear answer about CTR. It does, however, reference the user's name and prior context, indicating personalization. The format does not match the user's structured, step-by-step style, and the response is not concise due to the abrupt ending and lack of actionable detail.",1,adaptive,sofia,s03_thumbnail_concepts,s03,0.5
830,agent:main:exp-sofia-adap-s03_thumbnail_concepts-1503b042,2026-03-16T19:44:52.058Z,019cf82e-e547-7349-89aa-00244b73af85,2,3,0,0,0,neutral,0,0,"The assistant's response is incomplete and cuts off mid-sentence, failing to fully address the user's ideas or provide the promised critique. It does not match the user's expected format (a collaborative, creative discussion), and the playful tone may not be appropriate without explicit user context. There is no evidence of personalization beyond referencing a file, and the response is not concise due to its abrupt ending.",0,adaptive,sofia,s03_thumbnail_concepts,s03,0.5
831,agent:main:exp-sofia-adap-s03_thumbnail_concepts-1503b042,2026-03-16T19:45:13.057Z,019cf82e-e65c-71c6-acd8-1d85a11f2f3f,3,4,0,0,0,neutral,0,0,"The assistant acknowledges the user's preferences (brightness, warmth, handwritten text) and begins to personalize the response, but does not actually provide the requested Canva step-by-step instructions. The response is incomplete, so the user's need is only partially addressed. The tone is friendly and personalized, referencing the user's style and feedback, but the format does not match the user's explicit request for a step-by-step guide in Canva terms.",1,adaptive,sofia,s03_thumbnail_concepts,s03,0.5
832,agent:main:exp-sofia-adap-s03_thumbnail_concepts-1503b042,2026-03-16T19:45:13.057Z,019cf82f-3a4f-70dd-ab64-384167576243,3,3,0,0,0,neutral,0,0,"The assistant acknowledges the user's preferences (brightness, warmth, Canva usage, handwritten text) and begins to personalize the response, referencing the user's channel style and preferences. However, the response is incomplete and does not provide the requested step-by-step Canva instructions, so it does not fully address the user's need. The format does not match the user's expectation for a clear, actionable guide. Personalization is present, as the assistant references prior knowledge of the user's style and preferences.",1,adaptive,sofia,s03_thumbnail_concepts,s03,0.5
833,agent:main:exp-sofia-adap-s03_thumbnail_concepts-1503b042,2026-03-16T19:45:50.454Z,019cf82f-394f-7730-b62e-1c2d9b858f62,2,3,0,0,0,neutral,0,0,"The assistant's response is incomplete and cuts off mid-sentence, failing to fully address the user's message or provide actionable next steps. While it attempts to personalize by referencing the user's name and context, it does not deliver the expected guidance or follow-up. The tone is friendly and playful, but the lack of a complete answer and missing format alignment reduce its helpfulness and task completion.",1,adaptive,sofia,s03_thumbnail_concepts,s03,0.5
834,agent:main:exp-sofia-adap-s03_thumbnail_concepts-1503b042,2026-03-16T19:45:31.731Z,019cf82f-3a5e-714c-8d99-7ba38e9cebe7,2,2,0,0,0,neutral,0,0,"The assistant's response is incomplete, cutting off mid-sentence and failing to fully address the user's implied request for feedback or advice on the workspace shot concept. While it attempts to personalize by addressing the user as 'Sofia' and referencing prior context, it does not provide a complete or actionable answer. The format does not match the user's detailed, step-by-step style, and the response lacks conciseness due to the abrupt ending and unnecessary preamble.",1,adaptive,sofia,s03_thumbnail_concepts,s03,0.5
835,agent:main:exp-sofia-adap-s03_thumbnail_concepts-1503b042,2026-03-16T19:45:50.454Z,019cf830-9eed-77ec-9b29-590207e99b08,2,3,0,0,0,neutral,0,0,"The assistant's response is incomplete and cuts off mid-sentence, failing to provide the Canva steps or actionable advice the user implicitly expected. It does, however, reference the user's name and prior context, indicating personalization. The tone is friendly and playful, but the response does not match the expected format or fully address the user's needs.",1,adaptive,sofia,s03_thumbnail_concepts,s03,0.5
837,agent:main:exp-sofia-adap-s03_thumbnail_concepts-1503b042,2026-03-16T19:45:31.731Z,019cf830-9faf-7098-b986-a14bfd226deb,2,2,1,0,0,neutral,0,0,"The assistant's response is incomplete, cutting off mid-sentence and failing to fully address the user's implied request for feedback or guidance on the workspace shot concept. While it attempts to personalize by addressing the user as 'Sofia' and referencing prior context, it does not provide a complete or actionable answer, nor does it match the user's detailed, step-by-step format. The response is also not concise, as it includes unnecessary meta-commentary and does not directly answer the user's needs.",1,adaptive,sofia,s03_thumbnail_concepts,s03,0.5
838,agent:main:exp-sofia-adap-s04_seo_descriptions-3cd9df9c,2026-03-16T19:47:51.913Z,019cf830-fd3b-70d8-ac0a-3806bc4b0675,3,4,0,0,0,neutral,1,1,"The assistant acknowledges reviewing the user's data and provides relevant advice about YouTube descriptions, showing some personalization by referencing the user's 'Sunday morning' vibe and Notion templates. However, it does not deliver a new description or template as requested, instead asking for more information, so the task is not completed. The response is concise and matches the expected format, but only partially addresses the user's need.",1,adaptive,sofia,s04_seo_descriptions,s04,0.5
840,agent:main:exp-sofia-adap-s03_thumbnail_concepts-1503b042,2026-03-16T19:45:50.454Z,019cf830-fd14-7660-8b3b-a2547f48a707,2,3,0,0,0,neutral,0,0,"The assistant's response is incomplete and does not address the user's implied request for feedback or next steps regarding the concepts. It breaks the expected conversational flow by focusing on a playful role reversal rather than providing actionable input. The response is not concise due to unnecessary commentary and is cut off mid-sentence. However, the assistant does demonstrate personalization by referencing the user's name and context.",1,adaptive,sofia,s03_thumbnail_concepts,s03,0.5
841,agent:main:exp-sofia-adap-s04_seo_descriptions-3cd9df9c,2026-03-16T19:47:51.913Z,019cf831-4387-777e-9f14-c2b66ff5f82f,3,4,0,0,0,neutral,1,1,"The assistant demonstrates some personalization by referencing the user's channel stats, current descriptions, and preferred 'Sunday morning' vibe, which were inferred from prior context. The response is helpful in explaining the importance of YouTube descriptions and what can be improved, but it does not provide a new description or template as requested, instead asking for more information. The response is concise and matches the expected format, but the task is not completed and user satisfaction is neutral due to the lack of a concrete deliverable.",1,adaptive,sofia,s04_seo_descriptions,s04,0.5
842,agent:main:exp-sofia-adap-s04_seo_descriptions-3cd9df9c,2026-03-16T19:47:51.913Z,019cf831-425c-711e-a8c7-15fc8c9413e5,3,4,0,0,0,neutral,1,1,"The assistant acknowledges the user's context and preferences (e.g., 'Sunday morning' vibe, Notion templates, affiliate links) and explains the importance of YouTube descriptions, showing some personalization. However, it does not provide a new description or template as requested, instead asking for more information before proceeding. The response is concise and matches the expected conversational format, but the task is not completed and the user has not expressed satisfaction.",1,adaptive,sofia,s04_seo_descriptions,s04,0.5
843,agent:main:exp-sofia-adap-s04_seo_descriptions-3cd9df9c,2026-03-16T19:48:07.282Z,019cf831-426d-749d-be13-5412ae247754,4,4,0,0,0,neutral,1,1,"The assistant directly addresses the user's feedback by referencing their previous video description style and adapting the template to be more casual and personalized, which matches the user's request. The response is concise and avoids keyword-stuffing, but the template is only partially delivered (cut off mid-sentence), so the task is not fully completed. The assistant demonstrates personalization by referencing the user's style unprompted. There is no explicit satisfaction or dissatisfaction from the user.",1,adaptive,sofia,s04_seo_descriptions,s04,0.5
844,agent:main:exp-sofia-adap-s04_seo_descriptions-3cd9df9c,2026-03-16T19:48:25.287Z,019cf831-7c1f-755b-b562-3154bc4f2891,4,4,0,0,0,positive,1,1,"The assistant directly answers the user's question about keyword placement, explaining that keywords should be at the start and why, referencing both algorithmic and human factors. The response is clear and tailored to the user's YouTube context, and the user expresses explicit satisfaction ('Yes, thank you! That's so much better, honestly'). However, the answer could be slightly more concise and could mention context more explicitly, as the user also asked about that.",1,adaptive,sofia,s04_seo_descriptions,s04,1.0
845,agent:main:exp-sofia-adap-s04_seo_descriptions-3cd9df9c,2026-03-16T19:47:51.913Z,019cf831-7bcc-74b0-949a-e4d23b74a41a,3,4,0,0,0,neutral,1,1,"The assistant acknowledges reviewing the user's data and provides relevant advice about YouTube descriptions, showing some personalization by referencing the user's 'Sunday morning' vibe and Notion templates. However, it does not provide a completed template or description, instead asking for more information, so the task is not completed. The response is concise and matches the expected format, but only partially addresses the user's request.",1,adaptive,sofia,s04_seo_descriptions,s04,0.5
846,agent:main:exp-sofia-adap-s04_seo_descriptions-3cd9df9c,2026-03-16T19:48:07.282Z,019cf831-8032-73cf-ad86-710852db2051,4,4,0,0,0,neutral,1,1,"The assistant directly references the user's prior style (""I went down a rabbit hole...""), adapts the tone to be more casual as requested, and begins to provide a revised template. However, the response is incomplete (cuts off mid-sentence), so the task is not fully completed. The tone and personalization are strong, but the incomplete answer reduces helpfulness and conciseness.",1,adaptive,sofia,s04_seo_descriptions,s04,0.5
847,agent:main:exp-sofia-adap-s04_seo_descriptions-3cd9df9c,2026-03-16T19:48:07.282Z,019cf831-afb9-74bf-a100-0531ca591296,4,4,0,0,0,neutral,1,1,"The assistant directly references the user's prior style (""I went down a rabbit hole so you don't have to ✨""), adapting the template to be more casual and personalized, which matches the user's request. The response is concise and addresses both the hook and keyword-stuffing concerns, but the template revision is incomplete (cut off mid-sentence), so the task is not fully completed. The user does not express explicit satisfaction or dissatisfaction.",1,adaptive,sofia,s04_seo_descriptions,s04,0.5
848,agent:main:exp-sofia-adap-s04_seo_descriptions-3cd9df9c,2026-03-16T19:48:25.287Z,019cf831-b0cd-7776-b473-9c51eb301853,4,4,0,0,0,positive,1,1,"The user explicitly expresses satisfaction and enthusiasm (""Yes, thank you! That's so much better, honestly""), indicating positive user satisfaction. The assistant directly answers the keyword placement question, giving actionable advice and rationale, but doesn't fully address the 'context' part of the user's question, so helpfulness is 4. The response is clear and concise but could be slightly shorter, so conciseness is 4. The format matches the user's informal, conversational style, and the assistant adapts to the user's tone and references their prior context, so personalization_hit is true.",1,adaptive,sofia,s04_seo_descriptions,s04,1.0
849,agent:main:exp-sofia-adap-s04_seo_descriptions-3cd9df9c,2026-03-16T19:48:40.266Z,019cf831-b02e-7730-99d4-8ee99e248136,4,4,0,0,0,neutral,1,1,"The assistant directly addresses the user's question about YouTube description length, advising against overly long descriptions and explaining why brevity is preferable. However, the response is incomplete, ending mid-sentence, which reduces both helpfulness and conciseness. The tone is friendly and matches the user's informal style, but there is no explicit evidence of personalization beyond the current message. The user does not express satisfaction or dissatisfaction.",0,adaptive,sofia,s04_seo_descriptions,s04,0.5
850,agent:main:exp-sofia-adap-s04_seo_descriptions-3cd9df9c,2026-03-16T19:48:40.266Z,019cf831-e8ed-73fa-8553-b3c630d322bb,4,4,0,0,0,neutral,1,1,"The assistant directly addresses the user's question about YouTube description length, advising against overly long descriptions and explaining why brevity is preferable. However, the response is incomplete, ending mid-sentence, which reduces both helpfulness and conciseness. The tone is friendly and matches the user's informal style, but there is no explicit evidence of personalization beyond mirroring the user's language.",0,adaptive,sofia,s04_seo_descriptions,s04,0.5
851,agent:main:exp-sofia-adap-s04_seo_descriptions-3cd9df9c,2026-03-16T19:48:25.287Z,019cf831-e8fa-708e-9d26-7e93ea42cc48,4,4,0,0,1,positive,1,1,"The assistant directly answers the user's question about keyword placement, providing clear advice to put important keywords at the start and explaining why, referencing both algorithmic and human factors. The response is concise and avoids unnecessary detail, though it could briefly mention context or secondary placement for completeness. The user expresses explicit satisfaction and acceptance, and the assistant adapts to the user's informal, conversational style, showing personalization.",1,adaptive,sofia,s04_seo_descriptions,s04,1.0
852,agent:main:exp-sofia-adap-s04_seo_descriptions-3cd9df9c,2026-03-16T19:48:53.071Z,019cf831-ea34-7540-8c9f-ed231a082012,4,4,0,0,0,neutral,1,1,"The assistant provides a clear and relevant answer about the ideal number of YouTube hashtags, referencing both algorithmic and aesthetic considerations, which matches the user's question and informal style. However, the response is incomplete (cut off mid-sentence), so it does not fully address the user's need or reach a satisfactory conclusion. The explanation is concise and well-calibrated up to the cutoff. There is no evidence of explicit user satisfaction or dissatisfaction, and no personalization beyond what was in the user message.",0,adaptive,sofia,s04_seo_descriptions,s04,0.5
853,agent:main:exp-sofia-adap-s04_seo_descriptions-3cd9df9c,2026-03-16T19:48:40.266Z,019cf832-296c-755f-ae53-745836184e85,4,4,0,0,0,neutral,1,1,"The assistant directly addresses the user's question about YouTube description length, advising against overly long descriptions and explaining why brevity is preferable. However, the response is incomplete, ending mid-sentence, which reduces both helpfulness and conciseness. The tone is friendly and matches the user's informal style, but there is no explicit evidence of task completion or strong user satisfaction.",0,adaptive,sofia,s04_seo_descriptions,s04,0.5
854,agent:main:exp-sofia-adap-s04_seo_descriptions-3cd9df9c,2026-03-16T19:49:08.167Z,019cf832-2a58-7769-b379-9ef7951431b9,4,4,0,0,0,neutral,1,1,"The assistant provided a personalized, template-based video description that closely matches the user's request and context, referencing the user's workflow and unsponsored review. However, the response is incomplete (cut off mid-sentence), so the task is not fully completed and conciseness is slightly impacted. The format and tone match the user's expectations, and the assistant used user-specific context unprompted.",1,adaptive,sofia,s04_seo_descriptions,s04,0.5
855,agent:main:exp-sofia-adap-s04_seo_descriptions-3cd9df9c,2026-03-16T19:48:53.071Z,019cf832-29e0-730a-92e5-4db5c1d9686e,4,4,0,0,0,neutral,1,1,"The assistant directly addresses the user's question about hashtags, providing a clear recommendation (3-5 hashtags) and explaining the reasoning, which matches the user's informal, conversational style. However, the response is incomplete (cut off mid-sentence), so the task is not fully completed and conciseness is slightly impacted. The assistant adapts to the user's tone and references their aesthetic preferences, showing personalization.",1,adaptive,sofia,s04_seo_descriptions,s04,0.5
857,agent:main:exp-sofia-adap-s04_seo_descriptions-3cd9df9c,2026-03-16T19:48:53.071Z,019cf833-2518-700a-aa0f-56f9b1194c14,4,4,0,0,0,neutral,1,1,"The assistant directly addresses the user's question about the ideal number of hashtags, providing a clear recommendation (3 to 5) and explaining the reasoning behind it, which matches the user's informal, conversational style. However, the response is incomplete, ending mid-sentence, which affects both helpfulness and conciseness. The assistant also adapts to the user's aesthetic concerns, showing some personalization.",1,adaptive,sofia,s04_seo_descriptions,s04,0.5
858,agent:main:exp-sofia-adap-s04_seo_descriptions-3cd9df9c,2026-03-16T19:49:08.167Z,019cf833-2593-76d9-b8ec-ae582e153280,4,3,0,0,0,neutral,1,0,"The assistant's response is personalized, referencing the user's workflow and style, and adapts the description to a cozy, conversational template. However, the response is incomplete (cut off mid-sentence), so it does not fully address the user's need or match the expected format (a complete video description). The response is somewhat verbose, impacting conciseness. There is no evidence of user satisfaction or dissatisfaction, and the user did not signal acceptance or rejection.",1,adaptive,sofia,s04_seo_descriptions,s04,0.5
860,agent:main:exp-sofia-adap-s04_seo_descriptions-3cd9df9c,2026-03-16T19:49:08.167Z,019cf833-906d-7688-8f1d-b40d733d11c6,4,4,0,0,0,neutral,1,1,"The assistant provided a personalized, template-based video description that closely matches the user's request and context, referencing the user's workflow and unsponsored review. However, the response is incomplete (cut off mid-sentence), so the task is not fully completed and conciseness is slightly impacted. The format and tone match the user's expectations, and the assistant used user-specific context from the message.",1,adaptive,sofia,s04_seo_descriptions,s04,0.5
861,agent:main:exp-sofia-adap-s05_instagram_carousel-96099017,2026-03-16T19:50:36.121Z,019cf833-926f-704b-9b0a-44e7bdf6900a,3,3,0,0,0,neutral,0,0,"The assistant demonstrates some personalization by referencing Sofia's aesthetic and tone, which was not stated in this user message, but does not provide a concrete carousel structure or actionable steps. The response is incomplete and cuts off mid-sentence, lacking both conciseness and a clear format match (the user likely expected a carousel outline or actionable content). No explicit satisfaction or dissatisfaction is shown by the user.",1,adaptive,sofia,s05_instagram_carousel,s05,0.5
862,agent:main:exp-sofia-adap-s05_instagram_carousel-96099017,2026-03-16T19:50:57.021Z,019cf833-e153-70ae-bced-98587fd90afa,3,3,0,0,0,neutral,0,0,"The assistant provides positive feedback on the visual direction and references the user's brand style, showing personalization. However, the response is incomplete, trailing off mid-sentence, and does not address the user's draft content or provide actionable suggestions, reducing helpfulness and conciseness. The format does not match the user's expectation for a review or feedback on the carousel content.",1,adaptive,sofia,s05_instagram_carousel,s05,0.5
863,agent:main:exp-sofia-adap-s05_instagram_carousel-96099017,2026-03-16T19:50:36.121Z,019cf833-e177-76dd-8998-7aaa5057b4f2,3,3,0,0,0,neutral,1,0,"The assistant demonstrates understanding of the user's intent to create a unique Instagram carousel and references the user's aesthetic preferences (cozy, earthy, warm, conversational tone, avoiding 'tech-bro' jargon), which shows personalization. However, the response is incomplete (cut off mid-sentence) and does not provide concrete steps or carousel content, so it does not fully address the user's need or complete the task. The format does not match the expected actionable output (carousel outline or content suggestions).",1,adaptive,sofia,s05_instagram_carousel,s05,0.5
864,agent:main:exp-sofia-adap-s05_instagram_carousel-96099017,2026-03-16T19:50:36.121Z,019cf833-e3af-7382-bc68-9cfdaed0d146,3,3,0,0,0,neutral,0,0,"The assistant demonstrates some personalization by referencing Sofia's aesthetic and tone, which was not mentioned in this user message, indicating prior knowledge. However, the response is incomplete (cut off mid-sentence) and does not actually pull out carousel content or actionable steps, only discussing general framing. The format does not match the user's implicit expectation for concrete carousel content or a clear plan. The response is somewhat concise but lacks substance, so both helpfulness and conciseness are rated as average.",1,adaptive,sofia,s05_instagram_carousel,s05,0.5
865,agent:main:exp-sofia-adap-s05_instagram_carousel-96099017,2026-03-16T19:51:17.293Z,019cf834-4bc8-733c-9812-e3b788d38b4b,3,3,0,0,0,neutral,0,0,"The assistant acknowledges the user's feedback and begins to shift toward a more narrative, Instagram-native style, referencing Canva elements and a diary/journal approach. However, it does not provide concrete slide-by-slide visual suggestions or specific copy, which the user requested. The response is somewhat verbose and incomplete, ending mid-sentence, and does not fully match the user's desired format or detail level.",0,adaptive,sofia,s05_instagram_carousel,s05,0.5
866,agent:main:exp-sofia-adap-s05_instagram_carousel-96099017,2026-03-16T19:50:57.021Z,019cf834-4cc7-7608-b308-0bda5206edc3,3,3,0,0,0,neutral,0,0,"The assistant provides positive feedback on the visual direction and references the user's brand style, showing personalization. However, the response is incomplete, trailing off mid-sentence, and does not address the user's draft content or provide actionable suggestions, reducing helpfulness and conciseness. The format does not match the user's expectation for a review or feedback on the carousel draft.",1,adaptive,sofia,s05_instagram_carousel,s05,0.5
867,agent:main:exp-sofia-adap-s05_instagram_carousel-96099017,2026-03-16T19:50:36.121Z,019cf834-4bba-70d8-90e2-763b459ebc4f,3,3,0,0,0,neutral,1,0,"The assistant demonstrates understanding of the user's intent (creating a unique Instagram carousel from a Notion AI review video) and references the user's aesthetic preferences, indicating personalization. However, the response is incomplete (cut off mid-sentence) and does not provide actionable steps or carousel content, so helpfulness and conciseness are limited. The format does not match the user's implicit expectation for concrete carousel ideas or structure.",1,adaptive,sofia,s05_instagram_carousel,s05,0.5
868,agent:main:exp-sofia-adap-s05_instagram_carousel-96099017,2026-03-16T19:50:57.021Z,019cf834-adca-714c-a63c-48d59c9103c3,3,3,0,0,0,neutral,1,0,"The assistant begins with positive feedback on the visual direction, showing personalization by referencing the user's brand and aesthetic, which was not stated in this turn. However, the response is incomplete and does not fully address the user's draft or provide actionable feedback on the content. The format does not match the user's bullet-pointed, direct style, and the response is somewhat verbose without delivering concrete suggestions.",1,adaptive,sofia,s05_instagram_carousel,s05,0.5
869,agent:main:exp-sofia-adap-s05_instagram_carousel-96099017,2026-03-16T19:51:17.293Z,019cf834-adbb-72cd-84ed-69cd62707620,3,3,0,0,0,neutral,0,0,"The assistant acknowledges the user's feedback and begins to shift toward a more narrative, Instagram-native style, referencing Canva elements and a diary/journal approach. However, the response is incomplete and does not provide concrete slide-by-slide visual suggestions or specific copy, which the user requested. The format is also inconsistent, with meta tags and an unfinished sentence, reducing clarity and usefulness.",0,adaptive,sofia,s05_instagram_carousel,s05,0.5
870,agent:main:exp-sofia-adap-s05_instagram_carousel-96099017,2026-03-16T19:51:45.254Z,019cf834-b015-743e-89fc-38070b9f35cb,4,4,0,0,0,positive,1,1,"The assistant enthusiastically affirms the user's creative direction, adapts to the requested diary format, and references prior context (the user's review video and transcript), demonstrating personalization. The response is concise and on-topic, though it stops mid-sentence and does not fully deliver the requested slide content, so task completion is not achieved. The user expresses clear satisfaction (""Yesss, thank you!"").",1,adaptive,sofia,s05_instagram_carousel,s05,1.0
871,agent:main:exp-sofia-adap-s05_instagram_carousel-96099017,2026-03-16T19:51:17.293Z,019cf835-0621-725c-b979-adddb8ec5f32,3,2,0,0,0,neutral,0,0,"The assistant acknowledges the user's feedback and starts to shift toward a more narrative, Instagram-native style, referencing Canva elements and a diary/journal approach. However, it does not provide concrete slide-by-slide visual suggestions or specific copy, which the user requested. The response is somewhat verbose and incomplete, ending mid-sentence, and does not fully match the user's expected format or complete the task.",0,adaptive,sofia,s05_instagram_carousel,s05,0.5
872,agent:main:exp-sofia-adap-s05_instagram_carousel-96099017,2026-03-16T19:52:09.594Z,019cf835-0b70-715c-a9ff-a9d8d84405f3,4,4,0,0,0,positive,1,1,"The user expresses strong enthusiasm and approval for the assistant's previous suggestions, explicitly stating, 'Oh my gosh, YES, this is exactly the direction I wanted!' The assistant responds by referencing the user's unique 'robotic intern' angle and adapts the diary copy to be more personal and tactile, showing clear personalization. The response is helpful and matches the user's request, but it is cut off mid-sentence, so the task is not fully completed and conciseness is slightly impacted.",1,adaptive,sofia,s05_instagram_carousel,s05,1.0
873,agent:main:exp-sofia-adap-s05_instagram_carousel-96099017,2026-03-16T19:51:45.254Z,019cf835-066a-7733-8598-4c4faa02c534,4,4,0,0,0,positive,1,1,"The assistant enthusiastically affirms the user's creative direction, adapts to the requested diary format, and references prior context (the user's review video and transcript), demonstrating personalization. The response is concise and matches the user's informal, creative style. The user expresses explicit satisfaction (""Yesss, thank you!""). However, the assistant does not fully complete the task (the diary entries are not yet provided), so task completion is not achieved.",1,adaptive,sofia,s05_instagram_carousel,s05,1.0
874,agent:main:exp-sofia-adap-s05_instagram_carousel-96099017,2026-03-16T19:51:45.254Z,019cf836-5f12-74de-8b57-15939d525cd5,4,4,0,0,0,positive,1,1,"The assistant enthusiastically affirms the user's creative direction, adapts to the new ""diary"" format, and references the user's prior video and transcript, showing personalization. The response is concise and matches the user's informal, creative style. The user expresses explicit satisfaction (""Yesss, thank you!""). However, the assistant does not fully complete the task (the diary entries are not yet provided), so task completion is not achieved.",1,adaptive,sofia,s05_instagram_carousel,s05,1.0
875,agent:main:exp-sofia-adap-s05_instagram_carousel-96099017,2026-03-16T19:52:09.594Z,019cf836-5f75-768c-84ca-4402cb208814,4,4,0,0,0,positive,1,1,"The assistant responded enthusiastically, referenced the user's style and preferences (diary framing, tactile visuals), and began revising the copy as requested, showing clear personalization. The response is warm and on-topic, but it is incomplete (cut off mid-sentence), so it doesn't fully deliver the requested copy, which affects helpfulness and conciseness. The user expresses strong satisfaction ('Oh my gosh, YES'), indicating positive user satisfaction.",1,adaptive,sofia,s05_instagram_carousel,s05,1.0
876,agent:main:exp-sofia-adap-s06_series_brainstorm-f8d8a580,2026-03-16T19:53:45.892Z,019cf836-5f63-7335-9fc4-6100a4f55d4a,2,2,0,0,0,neutral,0,0,"The assistant's response is incomplete and cuts off mid-sentence, failing to provide any concrete ideas or actionable suggestions for the video series, which significantly reduces helpfulness and conciseness. However, it does demonstrate knowledge of the user's preferences and style (e.g., cozy vibe, Sofia Reyes, script cues), so personalization_hit is true. The format does not match the user's expectation for a complete, actionable answer.",1,adaptive,sofia,s06_series_brainstorm,s06,0.5
877,agent:main:exp-sofia-adap-s06_series_brainstorm-f8d8a580,2026-03-16T19:53:45.892Z,019cf836-b2ec-702c-8f92-65380b45d7dd,2,1,0,0,0,neutral,0,0,"The assistant's response is incomplete and does not provide any actionable ideas or suggestions for the video series, only internal notes and partial feedback analysis. It does, however, reference prior knowledge of the user's name and style, indicating personalization. The format does not match the user's expectation for a helpful, finished response, and the response is not concise as it includes irrelevant internal instructions.",1,adaptive,sofia,s06_series_brainstorm,s06,0.5
878,agent:main:exp-sofia-adap-s06_series_brainstorm-f8d8a580,2026-03-16T19:54:00.094Z,019cf836-b2f5-757f-8d41-5a56b4a6ff5e,2,2,0,0,0,neutral,0,0,"The assistant's response is incomplete and abruptly ends mid-sentence, failing to deliver a full brainstorming session or actionable ideas. While it acknowledges the user's feedback and begins to list relevant audience comments, it does not synthesize these into concrete suggestions or a cohesive plan. The format does not match the user's expectation for a collaborative brainstorm, and the response lacks both conciseness and completeness.",0,adaptive,sofia,s06_series_brainstorm,s06,0.5
879,agent:main:exp-sofia-adap-s06_series_brainstorm-f8d8a580,2026-03-16T19:54:00.094Z,019cf837-0169-700d-9814-7c817a136c6a,2,2,0,0,0,neutral,0,0,"The assistant's response is incomplete and abruptly ends mid-sentence, failing to deliver a full brainstorming session or actionable ideas. While it acknowledges the user's feedback and begins to reference audience comments, it does not provide concrete suggestions or a finished thought. The format does not match the user's expectation for a collaborative brainstorm, and the response lacks conciseness due to its unfinished nature.",0,adaptive,sofia,s06_series_brainstorm,s06,0.5
880,agent:main:exp-sofia-adap-s06_series_brainstorm-f8d8a580,2026-03-16T19:54:21.798Z,019cf837-01f0-7359-b90b-dee6aa19149b,2,2,0,0,0,neutral,0,0,"The assistant's response is incomplete and only contains internal thoughts, not a direct reply to the user's message. It does not address the user's idea or provide feedback, making it unhelpful and not concise. The format does not match the user's expectation for a conversational response, and there is no evidence of personalization beyond what the user provided.",0,adaptive,sofia,s06_series_brainstorm,s06,0.5
881,agent:main:exp-sofia-adap-s06_series_brainstorm-f8d8a580,2026-03-16T19:53:45.892Z,019cf837-013e-7025-8720-7e0bd77e797f,2,2,0,0,0,neutral,0,0,"The assistant's response is incomplete and does not provide any actionable ideas or suggestions for the video series, only internal notes and partial feedback analysis. It does, however, reference prior knowledge of the user's preferences and style, indicating personalization. The format does not match the user's expectation for a helpful, finished response.",1,adaptive,sofia,s06_series_brainstorm,s06,0.5
882,agent:main:exp-sofia-adap-s06_series_brainstorm-f8d8a580,2026-03-16T19:54:00.094Z,019cf837-59c0-7438-8b4d-2dd68c53ad78,2,2,0,0,0,neutral,0,0,"The assistant's response is incomplete and abruptly ends mid-sentence, failing to deliver a full brainstorming session or actionable ideas tailored to the user's channel. While it acknowledges the user's feedback and begins to reference audience comments, it does not provide concrete suggestions or a finished thought, making it unhelpful and lacking in conciseness. The format does not match the user's expectation for a collaborative brainstorming session.",0,adaptive,sofia,s06_series_brainstorm,s06,0.5
883,agent:main:exp-sofia-adap-s06_series_brainstorm-f8d8a580,2026-03-16T19:54:42.298Z,019cf837-5bc0-707c-a50e-2d02f1a5cc61,1,1,0,0,0,neutral,0,0,"The assistant's response is an internal monologue ('<think>') and does not address the user's message or provide any actionable information. There is no direct response, advice, or completion of the user's implied request for content ideas or feedback. The format does not match the user's conversational style, and the response is not concise or helpful.",0,adaptive,sofia,s06_series_brainstorm,s06,0.5
884,agent:main:exp-sofia-adap-s06_series_brainstorm-f8d8a580,2026-03-16T19:54:21.798Z,019cf837-59b8-714b-8641-57c3826b85c4,2,3,0,0,0,neutral,0,0,"The assistant's response is incomplete and only contains internal thoughts, not a direct reply to the user. It does not address the user's need or provide validation or actionable feedback as requested. The response is not in the expected conversational format, and the user's message is not acknowledged. However, the assistant demonstrates knowledge of the user's brand and context, indicating personalization.",1,adaptive,sofia,s06_series_brainstorm,s06,0.5
885,agent:main:exp-sofia-adap-s06_series_brainstorm-f8d8a580,2026-03-16T19:54:42.298Z,019cf837-a70a-749e-a973-d1ff0b94a4a5,1,1,0,0,0,neutral,0,0,"The assistant's response is an internal monologue ('<think>') and does not address the user's message or provide any actionable information. There is no answer, advice, or engagement with the user's ideas, making it unhelpful and not concise. The format does not match the user's conversational and idea-sharing style.",0,adaptive,sofia,s06_series_brainstorm,s06,0.5
886,agent:main:exp-sofia-adap-s06_series_brainstorm-f8d8a580,2026-03-16T19:55:04.748Z,019cf837-a68d-726b-bdb1-07d2702641f2,2,2,0,0,0,neutral,0,0,"The assistant's response is incomplete and only contains internal thoughts, not an actual answer to the user's message. It does not address the user's need, lacks conciseness, and does not match the expected conversational format. There is no evidence of personalization or task completion.",0,adaptive,sofia,s06_series_brainstorm,s06,0.5
887,agent:main:exp-sofia-adap-s06_series_brainstorm-f8d8a580,2026-03-16T19:54:21.798Z,019cf837-ab70-7788-84a6-c0db59c3ff9b,2,2,0,0,0,neutral,0,0,"The assistant's response is incomplete and only contains internal thoughts, not a direct reply to the user's message. It does not address the user's need, lacks conciseness, and does not match the expected conversational format. There is no evidence of personalization or task completion.",0,adaptive,sofia,s06_series_brainstorm,s06,0.5
888,agent:main:exp-sofia-adap-s06_series_brainstorm-f8d8a580,2026-03-16T19:55:04.748Z,019cf837-f5f1-729b-b1f7-681536a1d441,2,2,0,0,0,neutral,0,0,"The assistant's response is incomplete and only contains internal thoughts, not an actual answer to the user's message. It does not address the user's suggestions or questions, lacks conciseness due to unnecessary internal monologue, and does not match the expected conversational format. There is no evidence of personalization or task completion.",0,adaptive,sofia,s06_series_brainstorm,s06,0.5
889,agent:main:exp-sofia-adap-s06_series_brainstorm-f8d8a580,2026-03-16T19:54:42.298Z,019cf837-f69c-757b-a7de-48d884464b11,1,2,0,0,0,neutral,0,0,"The assistant's response is incomplete and only contains internal thoughts, not an actual answer to the user's implied question about making the series sustainable. There is no actionable advice or direct engagement with the user's message, and the format does not match the conversational style expected. No personalization is evident beyond what was in the user message.",0,adaptive,sofia,s06_series_brainstorm,s06,0.5
890,agent:main:exp-sofia-adap-s06_series_brainstorm-f8d8a580,2026-03-16T19:55:25.401Z,019cf837-f7d1-72dd-b575-a017c95c0a0e,4,4,0,0,0,neutral,1,1,"The assistant's response is highly personalized, referencing the user's unique content style and preferences (e.g., 'shaky desk POV,' 'Sofia Makes'), which were not explicitly stated in this turn. The response is enthusiastic and affirming, matching the user's informal, creative tone. However, the message is cut off mid-sentence, so the explanation is incomplete, preventing full task completion and perfect scores for helpfulness and conciseness. The user does not express explicit satisfaction or dissatisfaction.",1,adaptive,sofia,s06_series_brainstorm,s06,0.5
891,agent:main:exp-sofia-adap-s06_series_brainstorm-f8d8a580,2026-03-16T19:55:04.748Z,019cf838-4c65-7496-97cf-ea27a4753e9d,2,1,0,0,0,neutral,0,0,"The assistant's response is incomplete and only contains internal thoughts, not an actual answer to the user's message. It does not address the user's need, lacks conciseness, and does not match the expected conversational format. There is no evidence of personalization or task completion.",0,adaptive,sofia,s06_series_brainstorm,s06,0.5
892,agent:main:exp-sofia-adap-s06_series_brainstorm-f8d8a580,2026-03-16T19:55:44.398Z,019cf838-4d4a-7442-af9f-949adeda5822,4,4,0,0,0,neutral,1,1,"The assistant addresses the user's request for a poetic, cozy, and 'Sofia-coded' playlist title by suggesting alternatives and explaining their vibes, showing some personalization. However, the response is incomplete (cut off mid-suggestion), so the task is not fully completed and conciseness is slightly impacted. The format matches the user's informal, brainstorming style.",1,adaptive,sofia,s06_series_brainstorm,s06,0.5
893,agent:main:exp-sofia-adap-s06_series_brainstorm-f8d8a580,2026-03-16T19:55:25.401Z,019cf838-4e85-7369-8ad5-d2d9abf16e1c,4,3,0,0,0,neutral,1,1,"The assistant's response is highly personalized, referencing the user's unique content style and even using their project name ('Sofia Makes'), which was not stated in this turn. The response is enthusiastic and affirming, matching the user's positive tone. However, the answer is incomplete (cut off mid-sentence), which impacts both helpfulness and conciseness, and the task is not fully completed. The user did not express explicit satisfaction or dissatisfaction.",1,adaptive,sofia,s06_series_brainstorm,s06,0.5
